"LSVCOD","LSVADQ","LSVCPA","LSVCFA","LSVCNL","LSVMEP","LSVMON"
"00001N","","","","ECO","VIS","604"
"00001N","","","","ECO","VIS","840"
"00002I","","","","ECO","MAS","604"
"00002I","","","","ECO","MAS","840"
"00002I","","","","ECO","VIS","604"
"00002I","","","","ECO","VIS","840"
"00003E","","","","ECO","AME","604"
"00003E","","","","ECO","AME","840"
"00004D","","","","ECO","DIN","604"
"00004D","","","","ECO","DIN","840"
"00005S","","","00007A","ECO","SAF","604"
"00005S","","","00007A","ECO","SAF","840"
"00006P","","","00007A","ECO","PAG","604"
"00006P","","","00007A","ECO","PAG","840"
"00007A","00001N","","","ECO","VIS","604"
"00007A","00001N","","","ECO","VIS","840"
"00007A","00002I","","","ECO","MAS","604"
"00007A","00002I","","","ECO","MAS","840"
"00007A","00002I","","","ECO","VIS","604"
"00007A","00002I","","","ECO","VIS","840"
